{
  "adam_gc": {
    "all": {
      "rms_init": 135.77948696635,
      "rms_final": 136.7525039846581,
      "update_corr": 0.10260813392891027
    },
    "near_fiber": {
      "rms_init": 146.66397624552354,
      "rms_final": 139.22234987989097,
      "update_corr": 0.3301050996208585
    },
    "far": {
      "rms_init": 134.567081694603,
      "rms_final": 136.48653823799276,
      "update_corr": 0.07763646627871172
    },
    "runtime_min": 67.5,
    "losses": [
      -539.8095703125,
      -541.0589599609375,
      -542.303955078125,
      -543.5443115234375,
      -544.7750854492188,
      -545.994873046875,
      -547.2005004882812,
      -548.38916015625,
      -549.5572509765625,
      -550.7000732421875,
      -551.8128051757812,
      -552.892822265625,
      -515.6102294921875,
      -518.2189331054688,
      -521.5582885742188,
      -525.299072265625,
      -529.2345581054688,
      -533.222412109375,
      -537.1610717773438,
      -540.9773559570312,
      -544.6175537109375,
      -548.0335693359375,
      -551.1981811523438,
      -554.1017456054688,
      -556.7473754882812
    ]
  },
  "adam_weci": {
    "all": {
      "rms_init": 135.77948696635,
      "rms_final": 138.1441815399571,
      "update_corr": 0.01415423061716789
    },
    "near_fiber": {
      "rms_init": 146.66397624552354,
      "rms_final": 147.1613133941905,
      "update_corr": 0.07158460061607964
    },
    "far": {
      "rms_init": 134.567081694603,
      "rms_final": 137.14782667344136,
      "update_corr": 0.007741998208310626
    },
    "runtime_min": 68.7,
    "losses": [
      20873.6953125,
      21176.431640625,
      21465.73828125,
      21734.27734375,
      21972.791015625,
      22167.732421875,
      22297.31640625,
      22315.083984375,
      22162.3671875,
      21724.1484375,
      20633.978515625,
      18173.44140625,
      14596.0478515625,
      8482.0029296875,
      3765.19921875,
      1251.0748291015625,
      169.307373046875,
      -246.28794860839844,
      -400.6341247558594,
      -457.7327880859375,
      -480.41241455078125,
      -491.48846435546875,
      -498.80157470703125,
      -504.9842224121094,
      -510.8212890625
    ]
  },
  "adam_sinkhorn": {
    "all": {
      "rms_init": 135.77948696635,
      "rms_final": 137.04721953236003,
      "update_corr": 0.08574005955497765
    },
    "near_fiber": {
      "rms_init": 146.66397624552354,
      "rms_final": 146.61435816128153,
      "update_corr": 0.11411066730339531
    },
    "far": {
      "rms_init": 134.567081694603,
      "rms_final": 135.98749299506488,
      "update_corr": 0.08255092525395229
    },
    "runtime_min": 100.6,
    "losses": [
      0.04647297412157059,
      0.044399648904800415,
      0.042336560785770416,
      0.040411848574876785,
      0.0386117585003376,
      0.03692628815770149,
      0.03535466641187668,
      0.03388642892241478,
      0.03252233564853668,
      0.031241483986377716,
      0.030047228559851646,
      0.028931839391589165,
      0.035724982619285583,
      0.03382173553109169,
      0.03163537383079529,
      0.029333991929888725,
      0.02702491357922554,
      0.024771764874458313,
      0.022623073309659958,
      0.02060640975832939,
      0.018737148493528366,
      0.017022723332047462,
      0.015461279079318047,
      0.014047541655600071,
      0.01275739073753357
    ]
  },
  "sgd_gc": {
    "all": {
      "rms_init": 135.77948696635,
      "rms_final": 132.8383401272903,
      "update_corr": 0.22096522293150497
    },
    "near_fiber": {
      "rms_init": 146.66397624552354,
      "rms_final": 133.5053463226868,
      "update_corr": 0.5022662393135964
    },
    "far": {
      "rms_init": 134.567081694603,
      "rms_final": 132.76702781473577,
      "update_corr": 0.16683833434328602
    },
    "runtime_min": 64.0,
    "losses": [
      -539.8095703125,
      -540.107177734375,
      -540.4061889648438,
      -540.7083740234375,
      -541.0147705078125,
      -541.3250732421875,
      -541.6400146484375,
      -541.9605712890625,
      -542.286865234375,
      -542.6175537109375,
      -542.9480590820312,
      -543.2810668945312,
      -511.9631652832031,
      -519.095947265625,
      -525.5968017578125,
      -531.5279541015625,
      -536.9353637695312,
      -541.8653564453125,
      -546.15869140625,
      -549.8419189453125,
      -553.04638671875,
      -555.8699951171875,
      -558.3875122070312,
      -560.656494140625,
      -562.7220458984375
    ]
  },
  "sgd_weci": {
    "all": {
      "rms_init": 135.77948696635,
      "rms_final": 134.5171513246838,
      "update_corr": 0.15187497057883556
    },
    "near_fiber": {
      "rms_init": 146.66397624552354,
      "rms_final": 140.53581489785734,
      "update_corr": 0.3648600012169151
    },
    "far": {
      "rms_init": 134.567081694603,
      "rms_final": 133.8594923098104,
      "update_corr": 0.10751883322997793
    },
    "runtime_min": 59.5,
    "losses": [
      20873.6953125,
      21107.57421875,
      21341.71484375,
      21577.57421875,
      21811.53515625,
      22037.09375,
      22243.865234375,
      22406.306640625,
      22409.689453125,
      22065.91796875,
      21037.1875,
      18589.38671875,
      15244.640625,
      8426.56640625,
      3531.395751953125,
      1065.1611328125,
      61.883453369140625,
      -293.19384765625,
      -426.48748779296875,
      -478.3512878417969,
      -502.0493469238281,
      -513.7671508789062,
      -521.1166381835938,
      -526.7142333984375,
      -531.5330200195312
    ]
  },
  "sgd_sinkhorn": {
    "all": {
      "rms_init": 135.77948696635,
      "rms_final": 133.01455373759106,
      "update_corr": 0.24990115427344367
    },
    "near_fiber": {
      "rms_init": 146.66397624552354,
      "rms_final": 137.76943283790683,
      "update_corr": 0.3770185891946537
    },
    "far": {
      "rms_init": 134.567081694603,
      "rms_final": 132.49753384496393,
      "update_corr": 0.24495651009999841
    },
    "runtime_min": 88.4,
    "losses": [
      0.04647297412157059,
      0.04411332681775093,
      0.04182441532611847,
      0.039629027247428894,
      0.03729948028922081,
      0.03513553738594055,
      0.03312494233250618,
      0.031257495284080505,
      0.029505901038646698,
      0.027873368933796883,
      0.026351450011134148,
      0.02492557466030121,
      0.02614203654229641,
      0.022685058414936066,
      0.019843151792883873,
      0.017491117119789124,
      0.015510979108512402,
      0.013841107487678528,
      0.012423732317984104,
      0.01120380125939846,
      0.010118508711457253,
      0.009161886759102345,
      0.008335208520293236,
      0.00761033408343792,
      0.006965446751564741
    ]
  }
}