{
  "tag": "das_gc_adam_smoke",
  "device": "mps",
  "iterations": 2,
  "runtime_h": 0.127,
  "losses_finite": true,
  "rms_init_vp": 338.148569002545,
  "rms_final_vp": 337.90810463716394,
  "update_corr_vp": 0.039569156057059386,
  "rms_init_vs": 259.48725706579586,
  "rms_final_vs": 258.27798710461093,
  "update_corr_vs": 0.10384363558313706
}